Genome	SRR7217864_1.fastq.gz Mean
GCF_003030305.1_genomic	1.373416
GCA_003241315.1_genomic	0.24538429
GCA_943913655.1_genomic	0.26103416
